Season,Date,Home_Team,Opp,PA,H,Got_Hit,,,,,,,,,,,,,,,,,,,,,,,,,,,,,,,,,,,,,,,
2024,2024-03-28,0,CHC,5,1,1,,,,,,,,,,,,,,,,,,,,,,,,,,,,,,,,,,,,,,,
2024,2024-03-30,0,CHC,5,4,1,,,,,,,,,,,,,,,,,,,,,,,,,,,,,,,,,,,,,,,
2024,2024-04-01,1,TBR,5,1,1,,,,,,,,,,,,,,,,,,,,,,,,,,,,,,,,,,,,,,,
2024,2024-04-02,1,TBR,4,0,0,,,,,,,,,,,,,,,,,,,,,,,,,,,,,,,,,,,,,,,
2024,2024-04-03,1,TBR,5,2,1,,,,,,,,,,,,,,,,,,,,,,,,,,,,,,,,,,,,,,,
2024,2024-04-05,0,HOU,5,1,1,,,,,,,,,,,,,,,,,,,,,,,,,,,,,,,,,,,,,,,
2024,2024-04-06,0,HOU,5,2,1,,,,,,,,,,,,,,,,,,,,,,,,,,,,,,,,,,,,,,,
2024,2024-04-07,0,HOU,4,0,0,,,,,,,,,,,,,,,,,,,,,,,,,,,,,,,,,,,,,,,
2024,2024-04-08,0,HOU,5,3,1,,,,,,,,,,,,,,,,,,,,,,,,,,,,,,,,,,,,,,,
2024,2024-04-10,0,OAK,4,0,0,,,,,,,,,,,,,,,,,,,,,,,,,,,,,,,,,,,,,,,
2024,2024-04-11,0,OAK,4,0,0,,,,,,,,,,,,,,,,,,,,,,,,,,,,,,,,,,,,,,,
2024,2024-04-12,1,HOU,5,2,1,,,,,,,,,,,,,,,,,,,,,,,,,,,,,,,,,,,,,,,
2024,2024-04-13,1,HOU,4,0,0,,,,,,,,,,,,,,,,,,,,,,,,,,,,,,,,,,,,,,,
2024,2024-04-14,1,HOU,5,1,1,,,,,,,,,,,,,,,,,,,,,,,,,,,,,,,,,,,,,,,
2024,2024-04-16,1,DET,4,0,0,,,,,,,,,,,,,,,,,,,,,,,,,,,,,,,,,,,,,,,
2024,2024-04-17,1,DET,4,2,1,,,,,,,,,,,,,,,,,,,,,,,,,,,,,,,,,,,,,,,
2024,2024-04-18,1,DET,5,2,1,,,,,,,,,,,,,,,,,,,,,,,,,,,,,,,,,,,,,,,
2024,2024-04-19,1,ATL,4,1,1,,,,,,,,,,,,,,,,,,,,,,,,,,,,,,,,,,,,,,,
2024,2024-04-20,1,ATL,4,0,0,,,,,,,,,,,,,,,,,,,,,,,,,,,,,,,,,,,,,,,
2024,2024-04-21,1,ATL,4,0,0,,,,,,,,,,,,,,,,,,,,,,,,,,,,,,,,,,,,,,,
2024,2024-04-23,0,SEA,4,0,0,,,,,,,,,,,,,,,,,,,,,,,,,,,,,,,,,,,,,,,
2024,2024-04-24,0,SEA,4,0,0,,,,,,,,,,,,,,,,,,,,,,,,,,,,,,,,,,,,,,,
2024,2024-04-25,0,SEA,4,0,0,,,,,,,,,,,,,,,,,,,,,,,,,,,,,,,,,,,,,,,
2024,2024-04-26,0,CIN,4,1,1,,,,,,,,,,,,,,,,,,,,,,,,,,,,,,,,,,,,,,,
2024,2024-04-27,0,CIN,4,1,1,,,,,,,,,,,,,,,,,,,,,,,,,,,,,,,,,,,,,,,
2024,2024-04-28,0,CIN,4,0,0,,,,,,,,,,,,,,,,,,,,,,,,,,,,,,,,,,,,,,,
2024,2024-04-30,0,WSN,5,1,1,,,,,,,,,,,,,,,,,,,,,,,,,,,,,,,,,,,,,,,
2024,2024-05-01,0,WSN,5,0,0,,,,,,,,,,,,,,,,,,,,,,,,,,,,,,,,,,,,,,,
2024,2024-05-02,0,WSN,4,0,0,,,,,,,,,,,,,,,,,,,,,,,,,,,,,,,,,,,,,,,
2024,2024-05-03,1,KCR,4,2,1,,,,,,,,,,,,,,,,,,,,,,,,,,,,,,,,,,,,,,,
2024,2024-05-04,1,KCR,5,1,1,,,,,,,,,,,,,,,,,,,,,,,,,,,,,,,,,,,,,,,
2024,2024-05-05,1,KCR,5,1,1,,,,,,,,,,,,,,,,,,,,,,,,,,,,,,,,,,,,,,,
2024,2024-05-06,1,OAK,5,1,1,,,,,,,,,,,,,,,,,,,,,,,,,,,,,,,,,,,,,,,
2024,2024-05-07,1,OAK,4,2,1,,,,,,,,,,,,,,,,,,,,,,,,,,,,,,,,,,,,,,,
2024,2024-05-08,1,OAK,4,0,0,,,,,,,,,,,,,,,,,,,,,,,,,,,,,,,,,,,,,,,
2024,2024-05-10,1,COL,4,2,1,,,,,,,,,,,,,,,,,,,,,,,,,,,,,,,,,,,,,,,
2024,2024-05-11,1,COL,5,1,1,,,,,,,,,,,,,,,,,,,,,,,,,,,,,,,,,,,,,,,
2024,2024-05-12,1,COL,4,1,1,,,,,,,,,,,,,,,,,,,,,,,,,,,,,,,,,,,,,,,
2024,2024-05-13,0,CLE,4,0,0,,,,,,,,,,,,,,,,,,,,,,,,,,,,,,,,,,,,,,,
2024,2024-05-14,0,CLE,5,1,1,,,,,,,,,,,,,,,,,,,,,,,,,,,,,,,,,,,,,,,
2024,2024-05-15,0,CLE,4,1,1,,,,,,,,,,,,,,,,,,,,,,,,,,,,,,,,,,,,,,,
2024,2024-05-17,0,LAA,4,1,1,,,,,,,,,,,,,,,,,,,,,,,,,,,,,,,,,,,,,,,
2024,2024-05-18,0,LAA,6,2,1,,,,,,,,,,,,,,,,,,,,,,,,,,,,,,,,,,,,,,,
2024,2024-05-19,0,LAA,4,1,1,,,,,,,,,,,,,,,,,,,,,,,,,,,,,,,,,,,,,,,
2024,2024-05-21,1,PHI,5,1,1,,,,,,,,,,,,,,,,,,,,,,,,,,,,,,,,,,,,,,,
2024,2024-05-22,1,PHI,5,2,1,,,,,,,,,,,,,,,,,,,,,,,,,,,,,,,,,,,,,,,
2024,2024-05-24,1,MIN,4,1,1,,,,,,,,,,,,,,,,,,,,,,,,,,,,,,,,,,,,,,,
2024,2024-05-25,1,MIN,4,1,1,,,,,,,,,,,,,,,,,,,,,,,,,,,,,,,,,,,,,,,
2024,2024-05-26,1,MIN,5,2,1,,,,,,,,,,,,,,,,,,,,,,,,,,,,,,,,,,,,,,,
2024,2024-05-28,0,ARI,4,1,1,,,,,,,,,,,,,,,,,,,,,,,,,,,,,,,,,,,,,,,
2024,2024-05-29,0,ARI,4,1,1,,,,,,,,,,,,,,,,,,,,,,,,,,,,,,,,,,,,,,,
2024,2024-05-31,1,MIA,4,1,1,,,,,,,,,,,,,,,,,,,,,,,,,,,,,,,,,,,,,,,
2024,2024-06-01,1,MIA,5,3,1,,,,,,,,,,,,,,,,,,,,,,,,,,,,,,,,,,,,,,,
2024,2024-06-02,1,MIA,5,1,1,,,,,,,,,,,,,,,,,,,,,,,,,,,,,,,,,,,,,,,
2024,2024-06-03,0,DET,4,2,1,,,,,,,,,,,,,,,,,,,,,,,,,,,,,,,,,,,,,,,
2024,2024-06-04,0,DET,4,0,0,,,,,,,,,,,,,,,,,,,,,,,,,,,,,,,,,,,,,,,
2024,2024-06-05,0,DET,2,1,1,,,,,,,,,,,,,,,,,,,,,,,,,,,,,,,,,,,,,,,
2024,2024-06-12,1,LAD,4,1,1,,,,,,,,,,,,,,,,,,,,,,,,,,,,,,,,,,,,,,,
2024,2024-06-14,1,SEA,4,0,0,,,,,,,,,,,,,,,,,,,,,,,,,,,,,,,,,,,,,,,
2024,2024-06-15,1,SEA,5,0,0,,,,,,,,,,,,,,,,,,,,,,,,,,,,,,,,,,,,,,,
2024,2024-06-16,1,SEA,4,0,0,,,,,,,,,,,,,,,,,,,,,,,,,,,,,,,,,,,,,,,
2024,2024-06-17,0,NYM,2,1,1,,,,,,,,,,,,,,,,,,,,,,,,,,,,,,,,,,,,,,,
2024,2024-06-18,0,NYM,4,1,1,,,,,,,,,,,,,,,,,,,,,,,,,,,,,,,,,,,,,,,
2024,2024-06-19,0,NYM,4,0,0,,,,,,,,,,,,,,,,,,,,,,,,,,,,,,,,,,,,,,,
2024,2024-06-21,0,KCR,4,0,0,,,,,,,,,,,,,,,,,,,,,,,,,,,,,,,,,,,,,,,
2024,2024-06-22,0,KCR,4,1,1,,,,,,,,,,,,,,,,,,,,,,,,,,,,,,,,,,,,,,,
2024,2024-06-23,0,KCR,4,2,1,,,,,,,,,,,,,,,,,,,,,,,,,,,,,,,,,,,,,,,
2024,2024-06-24,1,MIL,5,1,1,,,,,,,,,,,,,,,,,,,,,,,,,,,,,,,,,,,,,,,
2024,2024-06-25,1,MIL,4,1,1,,,,,,,,,,,,,,,,,,,,,,,,,,,,,,,,,,,,,,,
2024,2024-06-27,1,BAL,5,2,1,,,,,,,,,,,,,,,,,,,,,,,,,,,,,,,,,,,,,,,
2024,2024-06-28,1,BAL,4,1,1,,,,,,,,,,,,,,,,,,,,,,,,,,,,,,,,,,,,,,,
2024,2024-06-29,1,BAL,3,1,1,,,,,,,,,,,,,,,,,,,,,,,,,,,,,,,,,,,,,,,
2024,2024-07-03,0,SDP,4,1,1,,,,,,,,,,,,,,,,,,,,,,,,,,,,,,,,,,,,,,,
2024,2024-07-04,0,SDP,4,2,1,,,,,,,,,,,,,,,,,,,,,,,,,,,,,,,,,,,,,,,
2024,2024-07-05,0,TBR,4,1,1,,,,,,,,,,,,,,,,,,,,,,,,,,,,,,,,,,,,,,,
2024,2024-07-06,0,TBR,4,2,1,,,,,,,,,,,,,,,,,,,,,,,,,,,,,,,,,,,,,,,
2024,2024-07-07,0,TBR,4,2,1,,,,,,,,,,,,,,,,,,,,,,,,,,,,,,,,,,,,,,,
2024,2024-07-08,1,LAA,5,2,1,,,,,,,,,,,,,,,,,,,,,,,,,,,,,,,,,,,,,,,
2024,2024-07-09,1,LAA,5,0,0,,,,,,,,,,,,,,,,,,,,,,,,,,,,,,,,,,,,,,,
2024,2024-07-10,1,LAA,5,1,1,,,,,,,,,,,,,,,,,,,,,,,,,,,,,,,,,,,,,,,
2024,2024-07-12,1,HOU,4,2,1,,,,,,,,,,,,,,,,,,,,,,,,,,,,,,,,,,,,,,,
2024,2024-07-13,1,HOU,5,1,1,,,,,,,,,,,,,,,,,,,,,,,,,,,,,,,,,,,,,,,
2024,2024-07-14,1,HOU,4,0,0,,,,,,,,,,,,,,,,,,,,,,,,,,,,,,,,,,,,,,,
2024,2024-07-19,0,BAL,4,0,0,,,,,,,,,,,,,,,,,,,,,,,,,,,,,,,,,,,,,,,
2024,2024-07-20,0,BAL,5,0,0,,,,,,,,,,,,,,,,,,,,,,,,,,,,,,,,,,,,,,,
2024,2024-07-21,0,BAL,4,1,1,,,,,,,,,,,,,,,,,,,,,,,,,,,,,,,,,,,,,,,
2024,2024-07-22,0,CHW,5,0,0,,,,,,,,,,,,,,,,,,,,,,,,,,,,,,,,,,,,,,,
2024,2024-07-23,0,CHW,1,0,0,,,,,,,,,,,,,,,,,,,,,,,,,,,,,,,,,,,,,,,
2024,2024-07-24,0,CHW,5,4,1,,,,,,,,,,,,,,,,,,,,,,,,,,,,,,,,,,,,,,,
2024,2024-07-25,0,CHW,4,1,1,,,,,,,,,,,,,,,,,,,,,,,,,,,,,,,,,,,,,,,
2024,2024-07-26,1,TOR,5,2,1,,,,,,,,,,,,,,,,,,,,,,,,,,,,,,,,,,,,,,,
2024,2024-07-27,1,TOR,4,1,1,,,,,,,,,,,,,,,,,,,,,,,,,,,,,,,,,,,,,,,
2024,2024-07-28,1,TOR,5,3,1,,,,,,,,,,,,,,,,,,,,,,,,,,,,,,,,,,,,,,,
2024,2024-07-29,1,STL,5,1,1,,,,,,,,,,,,,,,,,,,,,,,,,,,,,,,,,,,,,,,
2024,2024-07-30,1,STL,4,0,0,,,,,,,,,,,,,,,,,,,,,,,,,,,,,,,,,,,,,,,
2024,2024-07-31,1,STL,4,1,1,,,,,,,,,,,,,,,,,,,,,,,,,,,,,,,,,,,,,,,
2024,2024-08-02,0,BOS,4,3,1,,,,,,,,,,,,,,,,,,,,,,,,,,,,,,,,,,,,,,,
2024,2024-08-03,0,BOS,5,1,1,,,,,,,,,,,,,,,,,,,,,,,,,,,,,,,,,,,,,,,
2024,2024-08-04,0,BOS,4,1,1,,,,,,,,,,,,,,,,,,,,,,,,,,,,,,,,,,,,,,,
2024,2024-08-05,0,HOU,4,1,1,,,,,,,,,,,,,,,,,,,,,,,,,,,,,,,,,,,,,,,
2024,2024-08-06,0,HOU,4,1,1,,,,,,,,,,,,,,,,,,,,,,,,,,,,,,,,,,,,,,,
2024,2024-08-07,0,HOU,5,0,0,,,,,,,,,,,,,,,,,,,,,,,,,,,,,,,,,,,,,,,
2024,2024-08-10,1,NYY,4,0,0,,,,,,,,,,,,,,,,,,,,,,,,,,,,,,,,,,,,,,,
2024,2024-08-10,1,NYY,5,2,1,,,,,,,,,,,,,,,,,,,,,,,,,,,,,,,,,,,,,,,
2024,2024-08-11,1,NYY,5,2,1,,,,,,,,,,,,,,,,,,,,,,,,,,,,,,,,,,,,,,,
2024,2024-08-12,1,BOS,5,2,1,,,,,,,,,,,,,,,,,,,,,,,,,,,,,,,,,,,,,,,
2024,2024-08-13,1,BOS,4,0,0,,,,,,,,,,,,,,,,,,,,,,,,,,,,,,,,,,,,,,,
2024,2024-08-14,1,BOS,6,1,1,,,,,,,,,,,,,,,,,,,,,,,,,,,,,,,,,,,,,,,
2024,2024-08-16,0,MIN,4,0,0,,,,,,,,,,,,,,,,,,,,,,,,,,,,,,,,,,,,,,,
2024,2024-08-17,0,MIN,4,1,1,,,,,,,,,,,,,,,,,,,,,,,,,,,,,,,,,,,,,,,
2024,2024-08-18,0,MIN,5,1,1,,,,,,,,,,,,,,,,,,,,,,,,,,,,,,,,,,,,,,,
2024,2024-08-19,0,PIT,4,2,1,,,,,,,,,,,,,,,,,,,,,,,,,,,,,,,,,,,,,,,
2024,2024-08-20,0,PIT,4,0,0,,,,,,,,,,,,,,,,,,,,,,,,,,,,,,,,,,,,,,,
2024,2024-08-21,0,PIT,4,1,1,,,,,,,,,,,,,,,,,,,,,,,,,,,,,,,,,,,,,,,
2024,2024-08-23,1,CLE,5,2,1,,,,,,,,,,,,,,,,,,,,,,,,,,,,,,,,,,,,,,,
2024,2024-08-24,1,CLE,4,0,0,,,,,,,,,,,,,,,,,,,,,,,,,,,,,,,,,,,,,,,
2024,2024-08-25,1,CLE,4,1,1,,,,,,,,,,,,,,,,,,,,,,,,,,,,,,,,,,,,,,,
2024,2024-08-27,1,CHW,5,2,1,,,,,,,,,,,,,,,,,,,,,,,,,,,,,,,,,,,,,,,
2024,2024-08-28,1,CHW,5,4,1,,,,,,,,,,,,,,,,,,,,,,,,,,,,,,,,,,,,,,,
2024,2024-08-29,1,CHW,4,1,1,,,,,,,,,,,,,,,,,,,,,,,,,,,,,,,,,,,,,,,
2024,2024-08-31,0,OAK,4,0,0,,,,,,,,,,,,,,,,,,,,,,,,,,,,,,,,,,,,,,,
2024,2024-09-01,0,OAK,5,2,1,,,,,,,,,,,,,,,,,,,,,,,,,,,,,,,,,,,,,,,
2024,2024-09-02,0,NYY,4,2,1,,,,,,,,,,,,,,,,,,,,,,,,,,,,,,,,,,,,,,,
2023,2024-03-30,0,PHI,5,1,1,,,,,,,,,,,,,,,,,,,,,,,,,,,,,,,,,,,,,,,
2023,2024-04-01,0,PHI,6,1,1,,,,,,,,,,,,,,,,,,,,,,,,,,,,,,,,,,,,,,,
2023,2024-04-02,0,PHI,4,2,1,,,,,,,,,,,,,,,,,,,,,,,,,,,,,,,,,,,,,,,
2023,2024-04-03,0,BAL,4,0,0,,,,,,,,,,,,,,,,,,,,,,,,,,,,,,,,,,,,,,,
2023,2024-04-04,0,BAL,4,1,1,,,,,,,,,,,,,,,,,,,,,,,,,,,,,,,,,,,,,,,
2023,2024-04-05,0,BAL,4,0,0,,,,,,,,,,,,,,,,,,,,,,,,,,,,,,,,,,,,,,,
2023,2024-04-07,1,CHC,4,1,1,,,,,,,,,,,,,,,,,,,,,,,,,,,,,,,,,,,,,,,
2023,2024-04-08,1,CHC,5,2,1,,,,,,,,,,,,,,,,,,,,,,,,,,,,,,,,,,,,,,,
2023,2024-04-09,1,CHC,5,1,1,,,,,,,,,,,,,,,,,,,,,,,,,,,,,,,,,,,,,,,
2023,2024-04-10,0,KCR,5,3,1,,,,,,,,,,,,,,,,,,,,,,,,,,,,,,,,,,,,,,,
2023,2024-04-11,0,KCR,3,2,1,,,,,,,,,,,,,,,,,,,,,,,,,,,,,,,,,,,,,,,
2023,2024-05-17,0,ATL,4,0,0,,,,,,,,,,,,,,,,,,,,,,,,,,,,,,,,,,,,,,,
2023,2024-05-19,0,COL,4,1,1,,,,,,,,,,,,,,,,,,,,,,,,,,,,,,,,,,,,,,,
2023,2024-05-20,0,COL,4,3,1,,,,,,,,,,,,,,,,,,,,,,,,,,,,,,,,,,,,,,,
2023,2024-05-21,0,COL,5,3,1,,,,,,,,,,,,,,,,,,,,,,,,,,,,,,,,,,,,,,,
2023,2024-05-22,1,PIT,4,0,0,,,,,,,,,,,,,,,,,,,,,,,,,,,,,,,,,,,,,,,
2023,2024-05-23,1,PIT,4,1,1,,,,,,,,,,,,,,,,,,,,,,,,,,,,,,,,,,,,,,,
2023,2024-05-24,1,PIT,5,1,1,,,,,,,,,,,,,,,,,,,,,,,,,,,,,,,,,,,,,,,
2023,2024-05-26,1,BAL,5,1,1,,,,,,,,,,,,,,,,,,,,,,,,,,,,,,,,,,,,,,,
2023,2024-05-27,1,BAL,5,1,1,,,,,,,,,,,,,,,,,,,,,,,,,,,,,,,,,,,,,,,
2023,2024-05-28,1,BAL,4,1,1,,,,,,,,,,,,,,,,,,,,,,,,,,,,,,,,,,,,,,,
2023,2024-05-29,1,DET,5,2,1,,,,,,,,,,,,,,,,,,,,,,,,,,,,,,,,,,,,,,,
2023,2024-05-30,1,DET,5,0,0,,,,,,,,,,,,,,,,,,,,,,,,,,,,,,,,,,,,,,,
2023,2024-05-31,1,DET,5,2,1,,,,,,,,,,,,,,,,,,,,,,,,,,,,,,,,,,,,,,,
2023,2024-06-02,0,SEA,4,2,1,,,,,,,,,,,,,,,,,,,,,,,,,,,,,,,,,,,,,,,
2023,2024-06-03,0,SEA,5,3,1,,,,,,,,,,,,,,,,,,,,,,,,,,,,,,,,,,,,,,,
2023,2024-06-04,0,SEA,4,2,1,,,,,,,,,,,,,,,,,,,,,,,,,,,,,,,,,,,,,,,
2023,2024-06-05,0,STL,5,2,1,,,,,,,,,,,,,,,,,,,,,,,,,,,,,,,,,,,,,,,
2023,2024-06-06,0,STL,5,0,0,,,,,,,,,,,,,,,,,,,,,,,,,,,,,,,,,,,,,,,
2023,2024-06-07,0,STL,4,1,1,,,,,,,,,,,,,,,,,,,,,,,,,,,,,,,,,,,,,,,
2023,2024-06-09,1,TBR,4,0,0,,,,,,,,,,,,,,,,,,,,,,,,,,,,,,,,,,,,,,,
2023,2024-06-10,1,TBR,5,5,1,,,,,,,,,,,,,,,,,,,,,,,,,,,,,,,,,,,,,,,
2023,2024-06-11,1,TBR,4,1,1,,,,,,,,,,,,,,,,,,,,,,,,,,,,,,,,,,,,,,,
2023,2024-06-12,0,LAA,6,1,1,,,,,,,,,,,,,,,,,,,,,,,,,,,,,,,,,,,,,,,
2023,2024-06-13,0,LAA,5,3,1,,,,,,,,,,,,,,,,,,,,,,,,,,,,,,,,,,,,,,,
2023,2024-06-14,0,LAA,4,1,1,,,,,,,,,,,,,,,,,,,,,,,,,,,,,,,,,,,,,,,
2023,2024-06-15,0,LAA,5,0,0,,,,,,,,,,,,,,,,,,,,,,,,,,,,,,,,,,,,,,,
2023,2024-06-16,0,TOR,4,1,1,,,,,,,,,,,,,,,,,,,,,,,,,,,,,,,,,,,,,,,
2023,2024-06-17,0,TOR,4,2,1,,,,,,,,,,,,,,,,,,,,,,,,,,,,,,,,,,,,,,,
2023,2024-06-18,0,TOR,5,4,1,,,,,,,,,,,,,,,,,,,,,,,,,,,,,,,,,,,,,,,
2023,2024-06-19,1,CHW,5,1,1,,,,,,,,,,,,,,,,,,,,,,,,,,,,,,,,,,,,,,,
2023,2024-06-20,1,CHW,5,3,1,,,,,,,,,,,,,,,,,,,,,,,,,,,,,,,,,,,,,,,
2023,2024-06-21,1,CHW,5,0,0,,,,,,,,,,,,,,,,,,,,,,,,,,,,,,,,,,,,,,,
2023,2024-06-23,1,NYY,5,1,1,,,,,,,,,,,,,,,,,,,,,,,,,,,,,,,,,,,,,,,
2023,2024-06-24,1,NYY,4,1,1,,,,,,,,,,,,,,,,,,,,,,,,,,,,,,,,,,,,,,,
2023,2024-06-25,1,NYY,5,1,1,,,,,,,,,,,,,,,,,,,,,,,,,,,,,,,,,,,,,,,
2023,2024-06-26,0,DET,5,0,0,,,,,,,,,,,,,,,,,,,,,,,,,,,,,,,,,,,,,,,
2023,2024-06-27,0,DET,5,2,1,,,,,,,,,,,,,,,,,,,,,,,,,,,,,,,,,,,,,,,
2023,2024-06-28,0,DET,4,1,1,,,,,,,,,,,,,,,,,,,,,,,,,,,,,,,,,,,,,,,
2023,2024-06-30,0,HOU,4,1,1,,,,,,,,,,,,,,,,,,,,,,,,,,,,,,,,,,,,,,,
2023,2024-07-01,0,HOU,5,2,1,,,,,,,,,,,,,,,,,,,,,,,,,,,,,,,,,,,,,,,
2023,2024-07-02,0,HOU,4,2,1,,,,,,,,,,,,,,,,,,,,,,,,,,,,,,,,,,,,,,,
2023,2024-07-03,0,HOU,5,1,1,,,,,,,,,,,,,,,,,,,,,,,,,,,,,,,,,,,,,,,
2023,2024-07-04,1,BOS,5,1,1,,,,,,,,,,,,,,,,,,,,,,,,,,,,,,,,,,,,,,,
2023,2024-07-05,1,BOS,4,3,1,,,,,,,,,,,,,,,,,,,,,,,,,,,,,,,,,,,,,,,
2023,2024-07-06,1,BOS,5,3,1,,,,,,,,,,,,,,,,,,,,,,,,,,,,,,,,,,,,,,,
2023,2024-07-07,1,WSN,5,2,1,,,,,,,,,,,,,,,,,,,,,,,,,,,,,,,,,,,,,,,
2023,2024-07-08,1,WSN,4,0,0,,,,,,,,,,,,,,,,,,,,,,,,,,,,,,,,,,,,,,,
2023,2024-07-09,1,WSN,4,1,1,,,,,,,,,,,,,,,,,,,,,,,,,,,,,,,,,,,,,,,
2023,2024-07-14,0,CLE,5,2,1,,,,,,,,,,,,,,,,,,,,,,,,,,,,,,,,,,,,,,,
2023,2024-07-15,0,CLE,4,1,1,,,,,,,,,,,,,,,,,,,,,,,,,,,,,,,,,,,,,,,
2023,2024-07-16,0,CLE,4,1,1,,,,,,,,,,,,,,,,,,,,,,,,,,,,,,,,,,,,,,,
2023,2024-07-17,0,TBR,4,0,0,,,,,,,,,,,,,,,,,,,,,,,,,,,,,,,,,,,,,,,
2023,2024-07-18,0,TBR,4,1,1,,,,,,,,,,,,,,,,,,,,,,,,,,,,,,,,,,,,,,,
2023,2024-07-19,0,TBR,4,1,1,,,,,,,,,,,,,,,,,,,,,,,,,,,,,,,,,,,,,,,
2023,2024-07-21,0,LAD,4,2,1,,,,,,,,,,,,,,,,,,,,,,,,,,,,,,,,,,,,,,,
2023,2024-08-02,0,CHW,4,2,1,,,,,,,,,,,,,,,,,,,,,,,,,,,,,,,,,,,,,,,
2023,2024-08-03,0,CHW,4,0,0,,,,,,,,,,,,,,,,,,,,,,,,,,,,,,,,,,,,,,,
2023,2024-08-04,0,MIA,4,1,1,,,,,,,,,,,,,,,,,,,,,,,,,,,,,,,,,,,,,,,
2023,2024-08-05,0,MIA,5,2,1,,,,,,,,,,,,,,,,,,,,,,,,,,,,,,,,,,,,,,,
2023,2024-08-07,1,OAK,5,2,1,,,,,,,,,,,,,,,,,,,,,,,,,,,,,,,,,,,,,,,
2023,2024-08-08,1,OAK,5,3,1,,,,,,,,,,,,,,,,,,,,,,,,,,,,,,,,,,,,,,,
2023,2024-08-11,1,SFG,4,0,0,,,,,,,,,,,,,,,,,,,,,,,,,,,,,,,,,,,,,,,
2023,2024-08-12,1,SFG,5,2,1,,,,,,,,,,,,,,,,,,,,,,,,,,,,,,,,,,,,,,,
2023,2024-08-13,1,SFG,5,1,1,,,,,,,,,,,,,,,,,,,,,,,,,,,,,,,,,,,,,,,
2023,2024-08-14,0,LAA,5,1,1,,,,,,,,,,,,,,,,,,,,,,,,,,,,,,,,,,,,,,,
2023,2024-08-15,0,LAA,5,3,1,,,,,,,,,,,,,,,,,,,,,,,,,,,,,,,,,,,,,,,
2023,2024-08-16,0,LAA,4,0,0,,,,,,,,,,,,,,,,,,,,,,,,,,,,,,,,,,,,,,,
2023,2024-08-18,0,MIL,5,1,1,,,,,,,,,,,,,,,,,,,,,,,,,,,,,,,,,,,,,,,
2023,2024-08-19,0,MIL,4,1,1,,,,,,,,,,,,,,,,,,,,,,,,,,,,,,,,,,,,,,,
2023,2024-08-20,0,MIL,5,2,1,,,,,,,,,,,,,,,,,,,,,,,,,,,,,,,,,,,,,,,
2023,2024-08-21,1,ARI,5,0,0,,,,,,,,,,,,,,,,,,,,,,,,,,,,,,,,,,,,,,,
2023,2024-08-22,1,ARI,5,2,1,,,,,,,,,,,,,,,,,,,,,,,,,,,,,,,,,,,,,,,
2023,2024-08-24,1,MIN,5,2,1,,,,,,,,,,,,,,,,,,,,,,,,,,,,,,,,,,,,,,,
2023,2024-08-25,1,MIN,4,2,1,,,,,,,,,,,,,,,,,,,,,,,,,,,,,,,,,,,,,,,
2023,2024-08-26,1,MIN,5,0,0,,,,,,,,,,,,,,,,,,,,,,,,,,,,,,,,,,,,,,,
2023,2024-08-27,1,MIN,6,1,1,,,,,,,,,,,,,,,,,,,,,,,,,,,,,,,,,,,,,,,
2023,2024-08-28,1,NYM,5,3,1,,,,,,,,,,,,,,,,,,,,,,,,,,,,,,,,,,,,,,,
2023,2024-08-29,1,NYM,4,0,0,,,,,,,,,,,,,,,,,,,,,,,,,,,,,,,,,,,,,,,
2023,2024-08-30,1,NYM,5,2,1,,,,,,,,,,,,,,,,,,,,,,,,,,,,,,,,,,,,,,,
2023,2024-09-01,0,MIN,4,1,1,,,,,,,,,,,,,,,,,,,,,,,,,,,,,,,,,,,,,,,
2023,2024-09-02,0,MIN,5,0,0,,,,,,,,,,,,,,,,,,,,,,,,,,,,,,,,,,,,,,,
2023,2024-09-03,0,MIN,5,2,1,,,,,,,,,,,,,,,,,,,,,,,,,,,,,,,,,,,,,,,
2023,2024-09-04,0,HOU,5,3,1,,,,,,,,,,,,,,,,,,,,,,,,,,,,,,,,,,,,,,,
2023,2024-09-05,0,HOU,2,0,0,,,,,,,,,,,,,,,,,,,,,,,,,,,,,,,,,,,,,,,
2023,2024-09-06,0,HOU,4,0,0,,,,,,,,,,,,,,,,,,,,,,,,,,,,,,,,,,,,,,,
2023,2024-09-08,0,OAK,5,1,1,,,,,,,,,,,,,,,,,,,,,,,,,,,,,,,,,,,,,,,
2023,2024-09-09,0,OAK,4,0,0,,,,,,,,,,,,,,,,,,,,,,,,,,,,,,,,,,,,,,,
2023,2024-09-10,0,OAK,5,2,1,,,,,,,,,,,,,,,,,,,,,,,,,,,,,,,,,,,,,,,
2023,2024-09-11,1,TOR,5,2,1,,,,,,,,,,,,,,,,,,,,,,,,,,,,,,,,,,,,,,,
2023,2024-09-12,1,TOR,5,3,1,,,,,,,,,,,,,,,,,,,,,,,,,,,,,,,,,,,,,,,
2023,2024-09-13,1,TOR,5,1,1,,,,,,,,,,,,,,,,,,,,,,,,,,,,,,,,,,,,,,,
2023,2024-09-14,1,TOR,5,3,1,,,,,,,,,,,,,,,,,,,,,,,,,,,,,,,,,,,,,,,
2023,2024-09-15,1,CLE,3,1,1,,,,,,,,,,,,,,,,,,,,,,,,,,,,,,,,,,,,,,,
2023,2024-09-16,1,CLE,4,0,0,,,,,,,,,,,,,,,,,,,,,,,,,,,,,,,,,,,,,,,
2023,2024-09-17,1,CLE,4,0,0,,,,,,,,,,,,,,,,,,,,,,,,,,,,,,,,,,,,,,,
2023,2024-09-18,0,BOS,4,0,0,,,,,,,,,,,,,,,,,,,,,,,,,,,,,,,,,,,,,,,
2023,2024-09-19,0,BOS,5,1,1,,,,,,,,,,,,,,,,,,,,,,,,,,,,,,,,,,,,,,,
2023,2024-09-20,0,BOS,5,1,1,,,,,,,,,,,,,,,,,,,,,,,,,,,,,,,,,,,,,,,
2023,2024-09-22,0,SEA,4,2,1,,,,,,,,,,,,,,,,,,,,,,,,,,,,,,,,,,,,,,,
2023,2024-09-23,0,SEA,4,1,1,,,,,,,,,,,,,,,,,,,,,,,,,,,,,,,,,,,,,,,
2023,2024-09-24,0,SEA,4,1,1,,,,,,,,,,,,,,,,,,,,,,,,,,,,,,,,,,,,,,,
2023,2024-09-25,1,LAA,5,1,1,,,,,,,,,,,,,,,,,,,,,,,,,,,,,,,,,,,,,,,
2023,2024-09-26,1,LAA,3,1,1,,,,,,,,,,,,,,,,,,,,,,,,,,,,,,,,,,,,,,,
2023,2024-09-27,1,LAA,5,2,1,,,,,,,,,,,,,,,,,,,,,,,,,,,,,,,,,,,,,,,
2023,2024-09-28,1,SEA,4,1,1,,,,,,,,,,,,,,,,,,,,,,,,,,,,,,,,,,,,,,,
2023,2024-09-29,1,SEA,3,0,0,,,,,,,,,,,,,,,,,,,,,,,,,,,,,,,,,,,,,,,
2023,2024-09-30,1,SEA,5,1,1,,,,,,,,,,,,,,,,,,,,,,,,,,,,,,,,,,,,,,,
2023,2024-10-01,1,SEA,4,0,0,,,,,,,,,,,,,,,,,,,,,,,,,,,,,,,,,,,,,,,
2022,2024-04-08,1,TOR,5,2,1,,,,,,,,,,,,,,,,,,,,,,,,,,,,,,,,,,,,,,,
2022,2024-04-09,1,TOR,4,2,1,,,,,,,,,,,,,,,,,,,,,,,,,,,,,,,,,,,,,,,
2022,2024-04-10,1,TOR,5,2,1,,,,,,,,,,,,,,,,,,,,,,,,,,,,,,,,,,,,,,,
2022,2024-04-11,0,COL,5,1,1,,,,,,,,,,,,,,,,,,,,,,,,,,,,,,,,,,,,,,,
2022,2024-04-12,0,COL,4,0,0,,,,,,,,,,,,,,,,,,,,,,,,,,,,,,,,,,,,,,,
2022,2024-04-14,0,LAA,5,2,1,,,,,,,,,,,,,,,,,,,,,,,,,,,,,,,,,,,,,,,
2022,2024-04-15,0,LAA,5,1,1,,,,,,,,,,,,,,,,,,,,,,,,,,,,,,,,,,,,,,,
2022,2024-04-16,0,LAA,4,0,0,,,,,,,,,,,,,,,,,,,,,,,,,,,,,,,,,,,,,,,
2022,2024-04-19,1,SEA,4,1,1,,,,,,,,,,,,,,,,,,,,,,,,,,,,,,,,,,,,,,,
2022,2024-04-20,1,SEA,4,2,1,,,,,,,,,,,,,,,,,,,,,,,,,,,,,,,,,,,,,,,
2022,2024-04-21,1,SEA,5,0,0,,,,,,,,,,,,,,,,,,,,,,,,,,,,,,,,,,,,,,,
2022,2024-04-22,1,OAK,5,1,1,,,,,,,,,,,,,,,,,,,,,,,,,,,,,,,,,,,,,,,
2022,2024-04-23,1,OAK,4,0,0,,,,,,,,,,,,,,,,,,,,,,,,,,,,,,,,,,,,,,,
2022,2024-04-24,1,OAK,4,0,0,,,,,,,,,,,,,,,,,,,,,,,,,,,,,,,,,,,,,,,
2022,2024-04-25,0,HOU,5,2,1,,,,,,,,,,,,,,,,,,,,,,,,,,,,,,,,,,,,,,,
2022,2024-04-26,0,HOU,4,1,1,,,,,,,,,,,,,,,,,,,,,,,,,,,,,,,,,,,,,,,
2022,2024-04-27,0,HOU,4,0,0,,,,,,,,,,,,,,,,,,,,,,,,,,,,,,,,,,,,,,,
2022,2024-04-28,0,HOU,4,2,1,,,,,,,,,,,,,,,,,,,,,,,,,,,,,,,,,,,,,,,
2022,2024-04-29,0,ATL,4,1,1,,,,,,,,,,,,,,,,,,,,,,,,,,,,,,,,,,,,,,,
2022,2024-04-30,0,ATL,4,1,1,,,,,,,,,,,,,,,,,,,,,,,,,,,,,,,,,,,,,,,
2022,2024-05-01,0,ATL,5,2,1,,,,,,,,,,,,,,,,,,,,,,,,,,,,,,,,,,,,,,,
2022,2024-05-03,1,PHI,5,1,1,,,,,,,,,,,,,,,,,,,,,,,,,,,,,,,,,,,,,,,
2022,2024-05-04,1,PHI,4,0,0,,,,,,,,,,,,,,,,,,,,,,,,,,,,,,,,,,,,,,,
2022,2024-05-08,1,NYY,4,0,0,,,,,,,,,,,,,,,,,,,,,,,,,,,,,,,,,,,,,,,
2022,2024-05-08,1,NYY,4,0,0,,,,,,,,,,,,,,,,,,,,,,,,,,,,,,,,,,,,,,,
2022,2024-05-09,1,NYY,4,0,0,,,,,,,,,,,,,,,,,,,,,,,,,,,,,,,,,,,,,,,
2022,2024-05-10,0,KCR,4,2,1,,,,,,,,,,,,,,,,,,,,,,,,,,,,,,,,,,,,,,,
2022,2024-05-11,0,KCR,4,1,1,,,,,,,,,,,,,,,,,,,,,,,,,,,,,,,,,,,,,,,
2022,2024-05-12,0,KCR,4,0,0,,,,,,,,,,,,,,,,,,,,,,,,,,,,,,,,,,,,,,,
2022,2024-05-13,0,BOS,4,0,0,,,,,,,,,,,,,,,,,,,,,,,,,,,,,,,,,,,,,,,
2022,2024-05-14,0,BOS,4,1,1,,,,,,,,,,,,,,,,,,,,,,,,,,,,,,,,,,,,,,,
2022,2024-05-15,0,BOS,4,1,1,,,,,,,,,,,,,,,,,,,,,,,,,,,,,,,,,,,,,,,
2022,2024-05-16,0,LAA,4,1,1,,,,,,,,,,,,,,,,,,,,,,,,,,,,,,,,,,,,,,,
2022,2024-05-17,0,LAA,5,2,1,,,,,,,,,,,,,,,,,,,,,,,,,,,,,,,,,,,,,,,
2022,2024-05-18,0,LAA,5,1,1,,,,,,,,,,,,,,,,,,,,,,,,,,,,,,,,,,,,,,,
2022,2024-05-19,1,HOU,4,1,1,,,,,,,,,,,,,,,,,,,,,,,,,,,,,,,,,,,,,,,
2022,2024-05-20,1,HOU,4,1,1,,,,,,,,,,,,,,,,,,,,,,,,,,,,,,,,,,,,,,,
2022,2024-05-21,1,HOU,4,2,1,,,,,,,,,,,,,,,,,,,,,,,,,,,,,,,,,,,,,,,
2022,2024-05-22,1,HOU,4,0,0,,,,,,,,,,,,,,,,,,,,,,,,,,,,,,,,,,,,,,,
2022,2024-05-24,1,LAA,4,0,0,,,,,,,,,,,,,,,,,,,,,,,,,,,,,,,,,,,,,,,
2022,2024-05-25,1,LAA,5,1,1,,,,,,,,,,,,,,,,,,,,,,,,,,,,,,,,,,,,,,,
2022,2024-05-26,1,OAK,4,0,0,,,,,,,,,,,,,,,,,,,,,,,,,,,,,,,,,,,,,,,
2022,2024-05-27,1,OAK,5,0,0,,,,,,,,,,,,,,,,,,,,,,,,,,,,,,,,,,,,,,,
2022,2024-05-28,1,OAK,5,3,1,,,,,,,,,,,,,,,,,,,,,,,,,,,,,,,,,,,,,,,
2022,2024-05-29,1,OAK,5,1,1,,,,,,,,,,,,,,,,,,,,,,,,,,,,,,,,,,,,,,,
2022,2024-05-30,0,TBR,5,0,0,,,,,,,,,,,,,,,,,,,,,,,,,,,,,,,,,,,,,,,
2022,2024-05-31,0,TBR,4,1,1,,,,,,,,,,,,,,,,,,,,,,,,,,,,,,,,,,,,,,,
2022,2024-06-01,0,TBR,6,2,1,,,,,,,,,,,,,,,,,,,,,,,,,,,,,,,,,,,,,,,
2022,2024-06-03,0,SEA,4,2,1,,,,,,,,,,,,,,,,,,,,,,,,,,,,,,,,,,,,,,,
2022,2024-06-04,0,SEA,4,0,0,,,,,,,,,,,,,,,,,,,,,,,,,,,,,,,,,,,,,,,
2022,2024-06-05,0,SEA,5,0,0,,,,,,,,,,,,,,,,,,,,,,,,,,,,,,,,,,,,,,,
2022,2024-06-07,1,CLE,4,1,1,,,,,,,,,,,,,,,,,,,,,,,,,,,,,,,,,,,,,,,
2022,2024-06-07,1,CLE,5,0,0,,,,,,,,,,,,,,,,,,,,,,,,,,,,,,,,,,,,,,,
2022,2024-06-08,1,CLE,4,0,0,,,,,,,,,,,,,,,,,,,,,,,,,,,,,,,,,,,,,,,
2022,2024-06-10,1,CHW,4,1,1,,,,,,,,,,,,,,,,,,,,,,,,,,,,,,,,,,,,,,,
2022,2024-06-11,1,CHW,6,1,1,,,,,,,,,,,,,,,,,,,,,,,,,,,,,,,,,,,,,,,
2022,2024-06-12,1,CHW,6,0,0,,,,,,,,,,,,,,,,,,,,,,,,,,,,,,,,,,,,,,,
2022,2024-06-13,0,HOU,5,2,1,,,,,,,,,,,,,,,,,,,,,,,,,,,,,,,,,,,,,,,
2022,2024-06-14,0,HOU,4,1,1,,,,,,,,,,,,,,,,,,,,,,,,,,,,,,,,,,,,,,,
2022,2024-06-15,0,HOU,4,1,1,,,,,,,,,,,,,,,,,,,,,,,,,,,,,,,,,,,,,,,
2022,2024-06-16,1,DET,4,0,0,,,,,,,,,,,,,,,,,,,,,,,,,,,,,,,,,,,,,,,
2022,2024-06-17,1,DET,4,2,1,,,,,,,,,,,,,,,,,,,,,,,,,,,,,,,,,,,,,,,
2022,2024-06-18,1,DET,4,1,1,,,,,,,,,,,,,,,,,,,,,,,,,,,,,,,,,,,,,,,
2022,2024-06-19,1,DET,4,1,1,,,,,,,,,,,,,,,,,,,,,,,,,,,,,,,,,,,,,,,
2022,2024-06-21,0,PHI,4,1,1,,,,,,,,,,,,,,,,,,,,,,,,,,,,,,,,,,,,,,,
2022,2024-06-22,0,PHI,4,2,1,,,,,,,,,,,,,,,,,,,,,,,,,,,,,,,,,,,,,,,
2022,2024-06-24,0,WSN,5,0,0,,,,,,,,,,,,,,,,,,,,,,,,,,,,,,,,,,,,,,,
2022,2024-06-25,0,WSN,4,0,0,,,,,,,,,,,,,,,,,,,,,,,,,,,,,,,,,,,,,,,
2022,2024-06-26,0,WSN,4,1,1,,,,,,,,,,,,,,,,,,,,,,,,,,,,,,,,,,,,,,,
2022,2024-06-27,1,KCR,5,1,1,,,,,,,,,,,,,,,,,,,,,,,,,,,,,,,,,,,,,,,
2022,2024-06-28,1,KCR,5,2,1,,,,,,,,,,,,,,,,,,,,,,,,,,,,,,,,,,,,,,,
2022,2024-06-29,1,KCR,4,0,0,,,,,,,,,,,,,,,,,,,,,,,,,,,,,,,,,,,,,,,
2022,2024-07-01,1,NYM,4,0,0,,,,,,,,,,,,,,,,,,,,,,,,,,,,,,,,,,,,,,,
2022,2024-07-02,1,NYM,4,1,1,,,,,,,,,,,,,,,,,,,,,,,,,,,,,,,,,,,,,,,
2022,2024-07-03,1,NYM,4,1,1,,,,,,,,,,,,,,,,,,,,,,,,,,,,,,,,,,,,,,,
2022,2024-07-04,1,BAL,5,2,1,,,,,,,,,,,,,,,,,,,,,,,,,,,,,,,,,,,,,,,
2022,2024-07-05,1,BAL,5,3,1,,,,,,,,,,,,,,,,,,,,,,,,,,,,,,,,,,,,,,,
2022,2024-07-06,1,BAL,4,0,0,,,,,,,,,,,,,,,,,,,,,,,,,,,,,,,,,,,,,,,
2022,2024-07-08,0,MIN,4,2,1,,,,,,,,,,,,,,,,,,,,,,,,,,,,,,,,,,,,,,,
2022,2024-07-09,0,MIN,5,2,1,,,,,,,,,,,,,,,,,,,,,,,,,,,,,,,,,,,,,,,
2022,2024-07-10,0,MIN,4,2,1,,,,,,,,,,,,,,,,,,,,,,,,,,,,,,,,,,,,,,,
2022,2024-07-11,0,OAK,5,1,1,,,,,,,,,,,,,,,,,,,,,,,,,,,,,,,,,,,,,,,
2022,2024-07-12,0,OAK,6,1,1,,,,,,,,,,,,,,,,,,,,,,,,,,,,,,,,,,,,,,,
2022,2024-07-13,0,OAK,4,1,1,,,,,,,,,,,,,,,,,,,,,,,,,,,,,,,,,,,,,,,
2022,2024-07-14,0,SEA,5,1,1,,,,,,,,,,,,,,,,,,,,,,,,,,,,,,,,,,,,,,,
2022,2024-07-15,0,SEA,4,1,1,,,,,,,,,,,,,,,,,,,,,,,,,,,,,,,,,,,,,,,
2022,2024-07-16,0,SEA,4,2,1,,,,,,,,,,,,,,,,,,,,,,,,,,,,,,,,,,,,,,,
2022,2024-07-17,0,SEA,5,2,1,,,,,,,,,,,,,,,,,,,,,,,,,,,,,,,,,,,,,,,
2022,2024-07-22,1,OAK,4,0,0,,,,,,,,,,,,,,,,,,,,,,,,,,,,,,,,,,,,,,,
2022,2024-07-23,1,OAK,4,1,1,,,,,,,,,,,,,,,,,,,,,,,,,,,,,,,,,,,,,,,
2022,2024-07-24,1,OAK,4,1,1,,,,,,,,,,,,,,,,,,,,,,,,,,,,,,,,,,,,,,,
2022,2024-07-25,1,SEA,4,0,0,,,,,,,,,,,,,,,,,,,,,,,,,,,,,,,,,,,,,,,
2022,2024-07-26,1,SEA,4,0,0,,,,,,,,,,,,,,,,,,,,,,,,,,,,,,,,,,,,,,,
2022,2024-07-27,1,SEA,4,0,0,,,,,,,,,,,,,,,,,,,,,,,,,,,,,,,,,,,,,,,
2022,2024-07-28,1,LAA,3,3,1,,,,,,,,,,,,,,,,,,,,,,,,,,,,,,,,,,,,,,,
2022,2024-08-01,0,BAL,4,1,1,,,,,,,,,,,,,,,,,,,,,,,,,,,,,,,,,,,,,,,
2022,2024-08-02,0,BAL,5,1,1,,,,,,,,,,,,,,,,,,,,,,,,,,,,,,,,,,,,,,,
2022,2024-08-03,0,BAL,5,0,0,,,,,,,,,,,,,,,,,,,,,,,,,,,,,,,,,,,,,,,
2022,2024-08-04,0,CHW,4,2,1,,,,,,,,,,,,,,,,,,,,,,,,,,,,,,,,,,,,,,,
2022,2024-08-05,0,CHW,4,1,1,,,,,,,,,,,,,,,,,,,,,,,,,,,,,,,,,,,,,,,
2022,2024-08-06,0,CHW,5,1,1,,,,,,,,,,,,,,,,,,,,,,,,,,,,,,,,,,,,,,,
2022,2024-08-07,0,CHW,5,0,0,,,,,,,,,,,,,,,,,,,,,,,,,,,,,,,,,,,,,,,
2022,2024-08-09,1,HOU,5,2,1,,,,,,,,,,,,,,,,,,,,,,,,,,,,,,,,,,,,,,,
2022,2024-08-10,1,HOU,5,3,1,,,,,,,,,,,,,,,,,,,,,,,,,,,,,,,,,,,,,,,
2022,2024-08-11,1,HOU,5,1,1,,,,,,,,,,,,,,,,,,,,,,,,,,,,,,,,,,,,,,,
2022,2024-08-12,0,SEA,4,0,0,,,,,,,,,,,,,,,,,,,,,,,,,,,,,,,,,,,,,,,
2022,2024-08-13,0,SEA,5,1,1,,,,,,,,,,,,,,,,,,,,,,,,,,,,,,,,,,,,,,,
2022,2024-08-14,0,SEA,4,2,1,,,,,,,,,,,,,,,,,,,,,,,,,,,,,,,,,,,,,,,
2022,2024-08-15,0,OAK,4,0,0,,,,,,,,,,,,,,,,,,,,,,,,,,,,,,,,,,,,,,,
2022,2024-08-16,0,OAK,4,0,0,,,,,,,,,,,,,,,,,,,,,,,,,,,,,,,,,,,,,,,
2022,2024-08-17,0,OAK,4,2,1,,,,,,,,,,,,,,,,,,,,,,,,,,,,,,,,,,,,,,,
2022,2024-08-18,0,OAK,5,1,1,,,,,,,,,,,,,,,,,,,,,,,,,,,,,,,,,,,,,,,
2022,2024-08-19,1,MIN,4,0,0,,,,,,,,,,,,,,,,,,,,,,,,,,,,,,,,,,,,,,,
2022,2024-08-20,1,MIN,5,2,1,,,,,,,,,,,,,,,,,,,,,,,,,,,,,,,,,,,,,,,
2022,2024-08-21,1,MIN,5,1,1,,,,,,,,,,,,,,,,,,,,,,,,,,,,,,,,,,,,,,,
2022,2024-08-22,1,MIN,4,2,1,,,,,,,,,,,,,,,,,,,,,,,,,,,,,,,,,,,,,,,
2022,2024-08-23,1,COL,4,1,1,,,,,,,,,,,,,,,,,,,,,,,,,,,,,,,,,,,,,,,
2022,2024-08-24,1,COL,5,2,1,,,,,,,,,,,,,,,,,,,,,,,,,,,,,,,,,,,,,,,
2022,2024-08-26,0,DET,4,0,0,,,,,,,,,,,,,,,,,,,,,,,,,,,,,,,,,,,,,,,
2022,2024-08-27,0,DET,4,1,1,,,,,,,,,,,,,,,,,,,,,,,,,,,,,,,,,,,,,,,
2022,2024-08-28,0,DET,5,2,1,,,,,,,,,,,,,,,,,,,,,,,,,,,,,,,,,,,,,,,
2022,2024-08-30,0,HOU,4,0,0,,,,,,,,,,,,,,,,,,,,,,,,,,,,,,,,,,,,,,,
2022,2024-08-31,0,HOU,4,1,1,,,,,,,,,,,,,,,,,,,,,,,,,,,,,,,,,,,,,,,
2022,2024-09-01,1,BOS,6,2,1,,,,,,,,,,,,,,,,,,,,,,,,,,,,,,,,,,,,,,,
2022,2024-09-02,1,BOS,4,1,1,,,,,,,,,,,,,,,,,,,,,,,,,,,,,,,,,,,,,,,
2022,2024-09-03,1,BOS,5,0,0,,,,,,,,,,,,,,,,,,,,,,,,,,,,,,,,,,,,,,,
2022,2024-09-04,1,BOS,4,0,0,,,,,,,,,,,,,,,,,,,,,,,,,,,,,,,,,,,,,,,
2022,2024-09-05,1,HOU,4,0,0,,,,,,,,,,,,,,,,,,,,,,,,,,,,,,,,,,,,,,,
2022,2024-09-06,1,HOU,5,1,1,,,,,,,,,,,,,,,,,,,,,,,,,,,,,,,,,,,,,,,
2022,2024-09-07,1,HOU,5,0,0,,,,,,,,,,,,,,,,,,,,,,,,,,,,,,,,,,,,,,,
2022,2024-09-09,0,TOR,4,2,1,,,,,,,,,,,,,,,,,,,,,,,,,,,,,,,,,,,,,,,
2022,2024-09-10,0,TOR,5,1,1,,,,,,,,,,,,,,,,,,,,,,,,,,,,,,,,,,,,,,,
2022,2024-09-11,0,TOR,4,1,1,,,,,,,,,,,,,,,,,,,,,,,,,,,,,,,,,,,,,,,
2022,2024-09-12,1,MIA,4,0,0,,,,,,,,,,,,,,,,,,,,,,,,,,,,,,,,,,,,,,,
2022,2024-09-12,1,MIA,5,1,1,,,,,,,,,,,,,,,,,,,,,,,,,,,,,,,,,,,,,,,
2022,2024-09-14,0,OAK,5,0,0,,,,,,,,,,,,,,,,,,,,,,,,,,,,,,,,,,,,,,,
2022,2024-09-16,1,TBR,4,1,1,,,,,,,,,,,,,,,,,,,,,,,,,,,,,,,,,,,,,,,
2022,2024-09-17,1,TBR,4,0,0,,,,,,,,,,,,,,,,,,,,,,,,,,,,,,,,,,,,,,,
2022,2024-09-18,1,TBR,4,1,1,,,,,,,,,,,,,,,,,,,,,,,,,,,,,,,,,,,,,,,
2022,2024-09-20,0,LAA,4,1,1,,,,,,,,,,,,,,,,,,,,,,,,,,,,,,,,,,,,,,,
2022,2024-09-21,0,LAA,4,2,1,,,,,,,,,,,,,,,,,,,,,,,,,,,,,,,,,,,,,,,
2022,2024-09-22,0,LAA,4,1,1,,,,,,,,,,,,,,,,,,,,,,,,,,,,,,,,,,,,,,,
2022,2024-09-23,0,CLE,5,2,1,,,,,,,,,,,,,,,,,,,,,,,,,,,,,,,,,,,,,,,
2022,2024-09-24,0,CLE,4,1,1,,,,,,,,,,,,,,,,,,,,,,,,,,,,,,,,,,,,,,,
2022,2024-09-25,0,CLE,4,1,1,,,,,,,,,,,,,,,,,,,,,,,,,,,,,,,,,,,,,,,
2022,2024-09-27,1,SEA,4,0,0,,,,,,,,,,,,,,,,,,,,,,,,,,,,,,,,,,,,,,,
2022,2024-09-30,1,LAA,4,1,1,,,,,,,,,,,,,,,,,,,,,,,,,,,,,,,,,,,,,,,
2022,2024-10-01,1,LAA,4,0,0,,,,,,,,,,,,,,,,,,,,,,,,,,,,,,,,,,,,,,,
2022,2024-10-02,1,LAA,5,1,1,,,,,,,,,,,,,,,,,,,,,,,,,,,,,,,,,,,,,,,
2022,2024-10-03,0,NYY,4,0,0,,,,,,,,,,,,,,,,,,,,,,,,,,,,,,,,,,,,,,,
2022,2024-10-04,0,NYY,4,2,1,,,,,,,,,,,,,,,,,,,,,,,,,,,,,,,,,,,,,,,
2021,2024-04-01,1,COL,5,2,1,,,,,,,,,,,,,,,,,,,,,,,,,,,,,,,,,,,,,,,
2021,2024-04-02,1,COL,6,3,1,,,,,,,,,,,,,,,,,,,,,,,,,,,,,,,,,,,,,,,
2021,2024-04-03,1,COL,5,3,1,,,,,,,,,,,,,,,,,,,,,,,,,,,,,,,,,,,,,,,
2021,2024-04-05,1,OAK,6,1,1,,,,,,,,,,,,,,,,,,,,,,,,,,,,,,,,,,,,,,,
2021,2024-04-06,1,OAK,5,0,0,,,,,,,,,,,,,,,,,,,,,,,,,,,,,,,,,,,,,,,
2021,2024-04-07,1,OAK,5,2,1,,,,,,,,,,,,,,,,,,,,,,,,,,,,,,,,,,,,,,,
2021,2024-04-09,0,WSN,4,0,0,,,,,,,,,,,,,,,,,,,,,,,,,,,,,,,,,,,,,,,
2021,2024-04-10,0,WSN,5,1,1,,,,,,,,,,,,,,,,,,,,,,,,,,,,,,,,,,,,,,,
2021,2024-04-11,0,WSN,4,1,1,,,,,,,,,,,,,,,,,,,,,,,,,,,,,,,,,,,,,,,
2021,2024-04-13,0,COL,4,2,1,,,,,,,,,,,,,,,,,,,,,,,,,,,,,,,,,,,,,,,
2021,2024-04-14,0,COL,5,1,1,,,,,,,,,,,,,,,,,,,,,,,,,,,,,,,,,,,,,,,
2021,2024-04-15,0,COL,1,0,0,,,,,,,,,,,,,,,,,,,,,,,,,,,,,,,,,,,,,,,
2021,2024-04-16,1,SDP,6,1,1,,,,,,,,,,,,,,,,,,,,,,,,,,,,,,,,,,,,,,,
2021,2024-04-17,1,SDP,4,0,0,,,,,,,,,,,,,,,,,,,,,,,,,,,,,,,,,,,,,,,
2021,2024-04-18,1,SDP,4,0,0,,,,,,,,,,,,,,,,,,,,,,,,,,,,,,,,,,,,,,,
2021,2024-04-19,1,SEA,5,1,1,,,,,,,,,,,,,,,,,,,,,,,,,,,,,,,,,,,,,,,
2021,2024-04-20,1,SEA,4,1,1,,,,,,,,,,,,,,,,,,,,,,,,,,,,,,,,,,,,,,,
2021,2024-04-22,0,SDP,4,0,0,,,,,,,,,,,,,,,,,,,,,,,,,,,,,,,,,,,,,,,
2021,2024-04-23,0,SDP,4,0,0,,,,,,,,,,,,,,,,,,,,,,,,,,,,,,,,,,,,,,,
2021,2024-04-24,0,SDP,5,2,1,,,,,,,,,,,,,,,,,,,,,,,,,,,,,,,,,,,,,,,
2021,2024-04-25,0,SDP,7,2,1,,,,,,,,,,,,,,,,,,,,,,,,,,,,,,,,,,,,,,,
2021,2024-04-26,0,CIN,5,2,1,,,,,,,,,,,,,,,,,,,,,,,,,,,,,,,,,,,,,,,
2021,2024-04-27,0,CIN,5,0,0,,,,,,,,,,,,,,,,,,,,,,,,,,,,,,,,,,,,,,,
2021,2024-04-29,1,MIL,4,1,1,,,,,,,,,,,,,,,,,,,,,,,,,,,,,,,,,,,,,,,
2021,2024-04-30,1,MIL,4,0,0,,,,,,,,,,,,,,,,,,,,,,,,,,,,,,,,,,,,,,,
2021,2024-05-01,1,MIL,6,1,1,,,,,,,,,,,,,,,,,,,,,,,,,,,,,,,,,,,,,,,
2021,2024-05-02,1,MIL,3,1,1,,,,,,,,,,,,,,,,,,,,,,,,,,,,,,,,,,,,,,,
2021,2024-05-04,1,CHC,4,0,0,,,,,,,,,,,,,,,,,,,,,,,,,,,,,,,,,,,,,,,
2021,2024-05-04,1,CHC,4,1,1,,,,,,,,,,,,,,,,,,,,,,,,,,,,,,,,,,,,,,,
2021,2024-05-05,1,CHC,5,1,1,,,,,,,,,,,,,,,,,,,,,,,,,,,,,,,,,,,,,,,
2021,2024-05-07,1,LAA,5,0,0,,,,,,,,,,,,,,,,,,,,,,,,,,,,,,,,,,,,,,,
2021,2024-05-08,1,LAA,4,3,1,,,,,,,,,,,,,,,,,,,,,,,,,,,,,,,,,,,,,,,
2021,2024-05-09,1,LAA,5,3,1,,,,,,,,,,,,,,,,,,,,,,,,,,,,,,,,,,,,,,,
2021,2024-05-11,0,SEA,4,1,1,,,,,,,,,,,,,,,,,,,,,,,,,,,,,,,,,,,,,,,
2021,2024-05-12,0,SEA,5,0,0,,,,,,,,,,,,,,,,,,,,,,,,,,,,,,,,,,,,,,,
2021,2024-05-14,0,MIA,5,2,1,,,,,,,,,,,,,,,,,,,,,,,,,,,,,,,,,,,,,,,
2021,2024-05-15,0,MIA,3,0,0,,,,,,,,,,,,,,,,,,,,,,,,,,,,,,,,,,,,,,,
2021,2024-07-30,1,ARI,5,2,1,,,,,,,,,,,,,,,,,,,,,,,,,,,,,,,,,,,,,,,
2021,2024-07-31,1,ARI,1,0,0,,,,,,,,,,,,,,,,,,,,,,,,,,,,,,,,,,,,,,,
2021,2024-08-01,1,ARI,6,1,1,,,,,,,,,,,,,,,,,,,,,,,,,,,,,,,,,,,,,,,
2021,2024-08-03,0,HOU,4,0,0,,,,,,,,,,,,,,,,,,,,,,,,,,,,,,,,,,,,,,,
2021,2024-08-04,0,HOU,4,2,1,,,,,,,,,,,,,,,,,,,,,,,,,,,,,,,,,,,,,,,
2021,2024-08-06,0,LAA,5,0,0,,,,,,,,,,,,,,,,,,,,,,,,,,,,,,,,,,,,,,,
2021,2024-08-07,0,LAA,4,2,1,,,,,,,,,,,,,,,,,,,,,,,,,,,,,,,,,,,,,,,
2021,2024-08-08,0,LAA,4,1,1,,,,,,,,,,,,,,,,,,,,,,,,,,,,,,,,,,,,,,,
2021,2024-08-10,1,PHI,5,3,1,,,,,,,,,,,,,,,,,,,,,,,,,,,,,,,,,,,,,,,
2021,2024-08-11,1,PHI,5,2,1,,,,,,,,,,,,,,,,,,,,,,,,,,,,,,,,,,,,,,,
2021,2024-08-12,1,PHI,4,0,0,,,,,,,,,,,,,,,,,,,,,,,,,,,,,,,,,,,,,,,
2021,2024-08-13,1,NYM,5,1,1,,,,,,,,,,,,,,,,,,,,,,,,,,,,,,,,,,,,,,,
2021,2024-08-14,1,NYM,4,1,1,,,,,,,,,,,,,,,,,,,,,,,,,,,,,,,,,,,,,,,
2021,2024-08-15,1,NYM,6,2,1,,,,,,,,,,,,,,,,,,,,,,,,,,,,,,,,,,,,,,,
2021,2024-08-16,0,PIT,1,0,0,,,,,,,,,,,,,,,,,,,,,,,,,,,,,,,,,,,,,,,
2021,2024-08-17,0,PIT,4,2,1,,,,,,,,,,,,,,,,,,,,,,,,,,,,,,,,,,,,,,,
2021,2024-08-18,0,PIT,5,2,1,,,,,,,,,,,,,,,,,,,,,,,,,,,,,,,,,,,,,,,
2021,2024-08-19,0,NYM,4,0,0,,,,,,,,,,,,,,,,,,,,,,,,,,,,,,,,,,,,,,,
2021,2024-08-20,0,NYM,3,1,1,,,,,,,,,,,,,,,,,,,,,,,,,,,,,,,,,,,,,,,
2021,2024-08-21,0,NYM,4,0,0,,,,,,,,,,,,,,,,,,,,,,,,,,,,,,,,,,,,,,,
2021,2024-08-22,0,NYM,4,1,1,,,,,,,,,,,,,,,,,,,,,,,,,,,,,,,,,,,,,,,
2021,2024-08-24,1,SDP,4,1,1,,,,,,,,,,,,,,,,,,,,,,,,,,,,,,,,,,,,,,,
2021,2024-08-25,1,SDP,7,0,0,,,,,,,,,,,,,,,,,,,,,,,,,,,,,,,,,,,,,,,
2021,2024-08-26,1,SDP,4,1,1,,,,,,,,,,,,,,,,,,,,,,,,,,,,,,,,,,,,,,,
2021,2024-08-27,0,COL,4,1,1,,,,,,,,,,,,,,,,,,,,,,,,,,,,,,,,,,,,,,,
2021,2024-08-28,0,COL,1,0,0,,,,,,,,,,,,,,,,,,,,,,,,,,,,,,,,,,,,,,,
2021,2024-08-29,0,COL,4,1,1,,,,,,,,,,,,,,,,,,,,,,,,,,,,,,,,,,,,,,,
2021,2024-08-30,0,ATL,4,1,1,,,,,,,,,,,,,,,,,,,,,,,,,,,,,,,,,,,,,,,
2021,2024-08-31,0,ATL,4,1,1,,,,,,,,,,,,,,,,,,,,,,,,,,,,,,,,,,,,,,,
2021,2024-09-01,0,ATL,4,0,0,,,,,,,,,,,,,,,,,,,,,,,,,,,,,,,,,,,,,,,
2021,2024-09-03,1,SFG,5,4,1,,,,,,,,,,,,,,,,,,,,,,,,,,,,,,,,,,,,,,,
2021,2024-09-04,1,SFG,4,1,1,,,,,,,,,,,,,,,,,,,,,,,,,,,,,,,,,,,,,,,
2021,2024-09-05,1,SFG,4,0,0,,,,,,,,,,,,,,,,,,,,,,,,,,,,,,,,,,,,,,,
2021,2024-09-06,1,STL,4,1,1,,,,,,,,,,,,,,,,,,,,,,,,,,,,,,,,,,,,,,,
2021,2024-09-07,1,STL,4,1,1,,,,,,,,,,,,,,,,,,,,,,,,,,,,,,,,,,,,,,,
2021,2024-09-08,1,STL,4,2,1,,,,,,,,,,,,,,,,,,,,,,,,,,,,,,,,,,,,,,,
2021,2024-09-09,1,STL,1,0,0,,,,,,,,,,,,,,,,,,,,,,,,,,,,,,,,,,,,,,,
2021,2024-09-10,0,SDP,4,1,1,,,,,,,,,,,,,,,,,,,,,,,,,,,,,,,,,,,,,,,
2021,2024-09-11,0,SDP,3,0,0,,,,,,,,,,,,,,,,,,,,,,,,,,,,,,,,,,,,,,,
2021,2024-09-12,0,SDP,4,1,1,,,,,,,,,,,,,,,,,,,,,,,,,,,,,,,,,,,,,,,
2021,2024-09-13,0,ARI,5,2,1,,,,,,,,,,,,,,,,,,,,,,,,,,,,,,,,,,,,,,,
2021,2024-09-14,0,ARI,4,1,1,,,,,,,,,,,,,,,,,,,,,,,,,,,,,,,,,,,,,,,
2021,2024-09-15,0,ARI,4,1,1,,,,,,,,,,,,,,,,,,,,,,,,,,,,,,,,,,,,,,,
2021,2024-09-17,1,CIN,4,2,1,,,,,,,,,,,,,,,,,,,,,,,,,,,,,,,,,,,,,,,
2021,2024-09-18,1,CIN,5,0,0,,,,,,,,,,,,,,,,,,,,,,,,,,,,,,,,,,,,,,,
2021,2024-09-19,1,CIN,5,2,1,,,,,,,,,,,,,,,,,,,,,,,,,,,,,,,,,,,,,,,
2021,2024-09-21,1,COL,4,0,0,,,,,,,,,,,,,,,,,,,,,,,,,,,,,,,,,,,,,,,
2021,2024-09-22,1,COL,5,1,1,,,,,,,,,,,,,,,,,,,,,,,,,,,,,,,,,,,,,,,
2021,2024-09-23,1,COL,5,4,1,,,,,,,,,,,,,,,,,,,,,,,,,,,,,,,,,,,,,,,
2021,2024-09-24,1,ARI,5,1,1,,,,,,,,,,,,,,,,,,,,,,,,,,,,,,,,,,,,,,,
2021,2024-09-25,1,ARI,4,1,1,,,,,,,,,,,,,,,,,,,,,,,,,,,,,,,,,,,,,,,
2021,2024-09-26,1,ARI,5,2,1,,,,,,,,,,,,,,,,,,,,,,,,,,,,,,,,,,,,,,,
2021,2024-09-28,0,SDP,5,0,0,,,,,,,,,,,,,,,,,,,,,,,,,,,,,,,,,,,,,,,
2021,2024-09-29,0,SDP,5,3,1,,,,,,,,,,,,,,,,,,,,,,,,,,,,,,,,,,,,,,,
2021,2024-09-30,0,SDP,4,3,1,,,,,,,,,,,,,,,,,,,,,,,,,,,,,,,,,,,,,,,
2021,2024-10-01,0,MIL,4,1,1,,,,,,,,,,,,,,,,,,,,,,,,,,,,,,,,,,,,,,,
2021,2024-10-02,0,MIL,4,2,1,,,,,,,,,,,,,,,,,,,,,,,,,,,,,,,,,,,,,,,
2021,2024-10-03,0,MIL,3,3,1,,,,,,,,,,,,,,,,,,,,,,,,,,,,,,,,,,,,,,,
